,,,,,,,,,,,,,,,,,,,,,,,,,,,,,,,,,,,,,,,,,,,,,,,,,,,,,,,,,,,,,,,,,,,,,,,,,,,,,,,
,Title:,"Daily Hospital Situation Report
                        - General and Acute Beds",,,,,,,,,,,,,,,,,,,,,,,,,,,,,,,,,,,,,,,,,,,,,,,,,,,,,,,,,,,,,,,,,,,,,,,,,,,,,
,Summary:,Daily SITREPs highlight winter pressures on the service around the country,,,,,,,,,,,,,,,,,,,,,,,,,,,,,,,,,,,,,,,,,,,,,,,,,,,,,,,,,,,,,,,,,,,,,,,,,,,,,
,,,,,,,,,,,,,,,,,,,,,,,,,,,,,,,,,,,,,,,,,,,,,,,,,,,,,,,,,,,,,,,,,,,,,,,,,,,,,,,
,Period:,6th November 2012 to 28th February 2013,,,,,,,,,,,,,,,,,,,,,,,,,,,,,,,,,,,,,,,,,,,,,,,,,,,,,,,,,,,,,,,,,,,,,,,,,,,,,
,Source:,Unify2 data collection - DailySR,,,,,,,,,,,,,,,,,,,,,,,,,,,,,,,,,,,,,,,,,,,,,,,,,,,,,,,,,,,,,,,,,,,,,,,,,,,,,
,Basis:,Provider,,,,,,,,,,,,,,,,,,,,,,,,,,,,,,,,,,,,,,,,,,,,,,,,,,,,,,,,,,,,,,,,,,,,,,,,,,,,,
,Published:,6th March 2013,,,,,,,,,,,,,,,,,,,,,,,,,,,,,,,,,,,,,,,,,,,,,,,,,,,,,,,,,,,,,,,,,,,,,,,,,,,,,
,Revised:,-,,,,,,,,,,,,,,,,,,,,,,,,,,,,,,,,,,,,,,,,,,,,,,,,,,,,,,,,,,,,,,,,,,,,,,,,,,,,,
,Status:,Published,,,,,,,,,,,,,,,,,,,,,,,,,,,,,,,,,,,,,,,,,,,,,,,,,,,,,,,,,,,,,,,,,,,,,,,,,,,,,
,Contact:,Sue Mitchell - unify2@dh.gsi.gov.uk,,,,,,,,,,,,,,,,,,,,,,,,,,,,,,,,,,,,,,,,,,,,,,,,,,,,,,,,,,,,,,,,,,,,,,,,,,,,,
,,,,,,,,,,,,,,,,,,,,,,,,,,,,,,,,,,,,,,,,,,,,,,,,,,,,,,,,,,,,,,,,,,,,,,,,,,,,,,,
,Provider Level Data,,,,,,,,,,,,,,,,,,,,,,,,,,,,,,,,,,,,,,,,,,,,,,,,,,,,,,,,,,,,,,,,,,,,,,,,,,,,,,
,,,,4-Feb-13,,,,5-Feb-13,,,,6-Feb-13,,,,7-Feb-13,,,,10-Feb-13,,,,11-Feb-13,,,,12-Feb-13,,,,13-Feb-13,,,,14-Feb-13,,,,17-Feb-13,,,,18-Feb-13,,,,19-Feb-13,,,,20-Feb-13,,,,21-Feb-13,,,,24-Feb-13,,,,25-Feb-13,,,,26-Feb-13,,,,27-Feb-13,,,,28-Feb-13,,,
,SHA,Code,Name,Core beds avail,Escalation beds avail,Total beds avail,Total beds occ'd,Core beds avail,Escalation beds avail,Total beds avail,Total beds occ'd,Core beds avail,Escalation beds avail,Total beds avail,Total beds occ'd,Core beds avail,Escalation beds avail,Total beds avail,Total beds occ'd,Core beds avail,Escalation beds avail,Total beds avail,Total beds occ'd,Core beds avail,Escalation beds avail,Total beds avail,Total beds occ'd,Core beds avail,Escalation beds avail,Total beds avail,Total beds occ'd,Core beds avail,Escalation beds avail,Total beds avail,Total beds occ'd,Core beds avail,Escalation beds avail,Total beds avail,Total beds occ'd,Core beds avail,Escalation beds avail,Total beds avail,Total beds occ'd,Core beds avail,Escalation beds avail,Total beds avail,Total beds occ'd,Core beds avail,Escalation beds avail,Total beds avail,Total beds occ'd,Core beds avail,Escalation beds avail,Total beds avail,Total beds occ'd,Core beds avail,Escalation beds avail,Total beds avail,Total beds occ'd,Core beds avail,Escalation beds avail,Total beds avail,Total beds occ'd,Core beds avail,Escalation beds avail,Total beds avail,Total beds occ'd,Core beds avail,Escalation beds avail,Total beds avail,Total beds occ'd,Core beds avail,Escalation beds avail,Total beds avail,Total beds occ'd,Core beds avail,Escalation beds avail,Total beds avail,Total beds occ'd
,-,-,ENGLAND,"96,651","4,872","101,523","96,706","96,676","4,637","101,313","96,486","96,533","4,616","101,149","96,257","96,571","4,485","101,056","95,737","96,355","4,468","100,823","95,048","96,607","4,592","101,199","96,160","96,534","4,657","101,191","96,379","96,549","4,576","101,125","95,704","96,491","4,344","100,835","95,288","96,301","4,605","100,906","95,309","96,535","4,548","101,083","96,150","96,584","4,523","101,107","95,203","96,564","4,365","100,929","95,402","96,582","4,256","100,838","94,933","96,412","4,326","100,738","94,828","96,562","4,566","101,128","96,393","96,577","4,574","101,151","96,636","96,522","4,433","100,955","96,447","96,504","4,397","100,901","95,816"
,,,,,,,,,,,,,,,,,,,,,,,,,,,,,,,,,,,,,,,,,,,,,,,,,,,,,,,,,,,,,,,,,,,,,,,,,,,,,,,
,Q30,RE9,SOUTH TYNESIDE NHS FOUNDATION TRUST,382,26,408,408,384,18,402,402,384,28,412,412,384,18,402,382,384,0,384,375,384,0,384,373,384,0,384,374,384,0,384,379,384,0,384,382,384,0,384,379,384,0,384,376,384,0,384,368,384,0,384,382,384,0,384,357,384,10,394,379,384,16,400,400,384,6,390,386,384,0,384,376,384,0,384,374
,Q30,RLN,CITY HOSPITALS SUNDERLAND NHS FOUNDATION TRUST,792,34,826,755,792,34,826,744,792,34,826,720,792,34,826,703,792,34,826,700,792,34,826,690,792,34,826,699,792,34,826,737,792,34,826,739,792,57,849,754,792,55,847,757,792,42,834,750,792,42,834,743,792,41,833,724,792,41,833,731,792,41,833,766,792,55,847,795,792,41,833,774,792,41,833,768
,Q30,RR7,GATESHEAD HEALTH NHS FOUNDATION TRUST,441,18,459,444,441,18,459,440,441,18,459,454,441,18,459,447,437,13,450,422,439,18,457,437,438,18,456,445,438,18,456,448,438,18,456,451,438,18,456,438,440,18,458,448,438,18,456,433,440,18,458,436,440,18,458,423,441,18,459,426,441,18,459,445,441,18,459,439,441,18,459,446,441,18,459,436
,Q30,RTD,THE NEWCASTLE UPON TYNE HOSPITALS NHS FOUNDATION TRUST,"1,680",36,"1,716","1,424","1,675",36,"1,711","1,524","1,671",36,"1,707","1,541","1,667",36,"1,703","1,531","1,580",36,"1,616","1,469","1,676",36,"1,712","1,424","1,669",36,"1,705","1,531","1,674",36,"1,710","1,524","1,666",36,"1,702","1,506","1,578",36,"1,614","1,449","1,663",36,"1,699","1,468","1,665",36,"1,701","1,495","1,613",36,"1,649","1,461","1,620",36,"1,656","1,428","1,586",36,"1,622","1,323","1,663",36,"1,699","1,439","1,664",36,"1,700","1,482","1,668",36,"1,704","1,463","1,677",36,"1,713","1,364"
,Q30,RTF,NORTHUMBRIA HEALTHCARE NHS FOUNDATION TRUST,"1,045",14,"1,059","1,011","1,045",14,"1,059",999,"1,045",14,"1,059",959,"1,045",14,"1,059",974,"1,045",14,"1,059",986,"1,045",14,"1,059",998,"1,045",14,"1,059",989,"1,045",14,"1,059",978,"1,045",14,"1,059",968,"1,045",14,"1,059",941,"1,045",14,"1,059",957,"1,045",14,"1,059",971,"1,045",14,"1,059",940,"1,045",14,"1,059",950,"1,045",14,"1,059",971,"1,045",14,"1,059",973,"1,045",14,"1,059",961,"1,045",14,"1,059",937,"1,045",14,"1,059",929
,Q30,RTR,SOUTH TEES HOSPITALS NHS FOUNDATION TRUST,"1,111",33,"1,144","1,111","1,109",30,"1,139","1,102","1,103",30,"1,133","1,090","1,108",30,"1,138","1,119","1,106",27,"1,133","1,075","1,102",26,"1,128","1,078","1,113",25,"1,138","1,112","1,117",40,"1,157","1,142","1,116",27,"1,143","1,108","1,122",26,"1,148","1,113","1,122",24,"1,146","1,088","1,119",18,"1,137","1,097","1,116",24,"1,140","1,062","1,113",24,"1,137","1,061","1,104",24,"1,128","1,081","1,112",24,"1,136","1,106","1,116",24,"1,140","1,102","1,116",24,"1,140","1,095","1,113",24,"1,137","1,103"
,Q30,RVW,NORTH TEES AND HARTLEPOOL NHS FOUNDATION TRUST,583,31,614,569,583,38,621,592,583,39,622,577,583,36,619,577,583,28,611,559,583,34,617,559,583,28,611,567,583,27,610,575,583,26,609,541,583,27,610,548,583,0,583,561,583,27,610,543,583,28,611,550,583,28,611,538,583,19,602,517,583,23,606,562,583,25,608,565,583,23,606,567,583,23,606,555
,Q30,RXP,COUNTY DURHAM AND DARLINGTON NHS FOUNDATION TRUST,837,27,864,799,837,25,862,819,837,27,864,834,837,25,862,822,837,21,858,777,837,22,859,790,836,23,859,810,833,25,858,811,831,32,863,806,831,32,863,802,831,50,881,782,831,50,881,782,831,50,881,778,831,50,881,787,834,23,857,804,835,30,865,840,835,34,869,842,834,30,864,839,833,30,863,829
,Q31,RBL,WIRRAL UNIVERSITY TEACHING HOSPITAL NHS FOUNDATION TRUST,756,61,817,790,756,66,822,808,756,59,815,801,756,56,812,810,756,59,815,783,756,61,817,807,756,73,829,802,756,66,822,787,756,65,821,790,756,74,830,816,756,64,820,805,756,80,836,818,756,62,818,793,756,69,825,817,756,60,816,796,756,75,831,821,756,62,818,801,756,73,829,817,756,80,836,819
,Q31,RBN,ST HELENS AND KNOWSLEY HOSPITALS NHS TRUST,662,14,676,660,665,10,675,648,663,14,677,654,663,17,680,655,628,33,661,636,667,14,681,670,665,18,683,664,669,10,679,648,664,7,671,651,662,12,674,664,662,15,677,671,664,15,679,670,666,16,682,660,667,11,678,648,628,29,657,641,664,16,680,655,665,13,678,656,665,13,678,659,662,11,673,653
,Q31,RBQ,LIVERPOOL HEART AND CHEST NHS FOUNDATION TRUST,162,0,162,157,160,0,160,155,160,0,160,151,156,0,156,129,156,0,156,144,156,0,156,148,156,0,156,136,156,0,156,136,156,0,156,146,156,0,156,144,156,0,156,149,156,0,156,142,156,0,156,149,156,0,156,146,155,0,155,138,159,0,159,147,160,0,160,141,158,0,158,148,156,0,156,146
,Q31,RBS,ALDER HEY CHILDREN'S NHS FOUNDATION TRUST,225,0,225,202,225,10,235,214,225,0,225,205,225,0,225,201,225,10,235,208,225,0,225,208,225,0,225,215,225,14,239,205,225,14,239,208,225,14,239,204,225,14,239,212,225,14,239,206,225,10,235,218,225,20,245,205,225,0,225,200,225,0,225,213,225,10,235,220,225,10,235,213,225,10,235,215
,Q31,RBT,MID CHESHIRE HOSPITALS NHS FOUNDATION TRUST,546,0,546,531,546,0,546,527,546,0,546,531,546,0,546,515,546,0,546,524,546,0,546,520,546,0,546,536,546,6,552,522,540,6,546,517,540,0,540,498,540,6,546,511,540,0,540,511,540,6,546,506,540,0,540,503,540,0,540,501,540,0,540,503,540,0,540,506,540,0,540,520,540,0,540,512
,Q31,RBV,THE CHRISTIE NHS FOUNDATION TRUST,165,0,165,138,165,0,165,161,165,0,165,152,165,0,165,153,165,0,165,130,165,0,165,154,165,0,165,154,165,0,165,154,165,0,165,138,165,0,165,122,165,0,165,153,165,0,165,163,165,0,165,144,165,0,165,155,165,0,165,132,165,0,165,146,165,0,165,149,165,0,165,134,165,0,165,132
,Q31,REM,AINTREE UNIVERSITY HOSPITAL NHS FOUNDATION TRUST,762,55,817,814,767,54,821,804,749,54,803,788,722,56,778,738,722,56,778,765,722,57,779,762,722,57,779,775,754,56,810,804,749,51,800,770,771,55,826,816,755,51,806,806,775,51,826,740,761,52,813,802,758,51,809,809,746,51,797,797,722,51,773,742,774,55,829,821,722,54,776,765,722,54,776,761
,Q31,REP,LIVERPOOL WOMEN'S NHS FOUNDATION TRUST,89,0,89,83,89,0,89,79,89,0,89,74,89,0,89,75,89,0,89,65,89,0,89,69,89,0,89,74,89,0,89,71,89,0,89,55,89,0,89,54,89,0,89,56,89,0,89,63,89,0,89,61,89,0,89,58,89,0,89,53,89,0,89,73,89,0,89,70,89,0,89,68,89,0,89,63
,Q31,RET,THE WALTON CENTRE NHS FOUNDATION TRUST,154,0,154,136,154,0,154,147,154,0,154,150,154,0,154,145,154,0,154,145,154,0,154,150,154,0,154,150,154,0,154,149,154,0,154,151,154,0,154,144,154,0,154,147,154,0,154,137,154,0,154,144,154,0,154,147,154,0,154,138,154,0,154,148,154,0,154,143,154,0,154,151,154,0,154,145
,Q31,RJN,EAST CHESHIRE NHS TRUST,246,54,300,299,246,61,307,307,246,65,311,311,246,59,305,300,246,67,313,313,246,69,315,315,246,59,305,301,246,57,303,294,246,56,302,299,246,65,311,311,246,57,303,303,246,53,299,294,246,57,303,303,246,70,316,316,246,70,316,316,246,70,316,313,246,56,302,300,246,56,302,300,246,56,302,300
,Q31,RJR,COUNTESS OF CHESTER HOSPITAL NHS FOUNDATION TRUST,485,41,526,516,485,36,521,520,485,35,520,490,485,36,521,513,485,36,521,505,485,39,524,517,485,39,524,513,485,38,523,477,485,38,523,510,485,38,523,513,485,38,523,519,485,36,521,508,485,30,515,507,485,32,517,503,485,31,516,513,485,36,521,517,485,30,515,515,485,30,515,495,485,27,512,476
,Q31,RM2,UNIVERSITY HOSPITAL OF SOUTH MANCHESTER NHS FOUNDATION TRUST,885,16,901,816,885,16,901,837,885,16,901,828,885,16,901,823,885,16,901,769,885,16,901,799,885,16,901,821,885,16,901,796,885,16,901,788,861,16,877,783,861,16,877,787,885,16,901,809,885,16,901,806,885,16,901,802,861,16,877,782,885,16,901,807,885,14,899,796,885,16,901,823,885,19,904,804
,Q31,RM3,SALFORD ROYAL NHS FOUNDATION TRUST,705,0,705,677,713,0,713,674,716,0,716,678,741,0,741,699,694,0,694,652,714,0,714,676,728,0,728,675,708,0,708,669,721,0,721,684,690,0,690,654,703,0,703,662,714,0,714,675,717,0,717,674,710,0,710,679,702,0,702,655,711,0,711,689,730,0,730,713,735,0,735,695,707,0,707,673
,Q31,RMC,BOLTON NHS FOUNDATION TRUST,576,0,576,558,576,0,576,566,576,0,576,570,576,0,576,572,576,0,576,557,576,0,576,566,576,0,576,569,576,0,576,571,576,0,576,565,576,0,576,565,576,0,576,570,576,0,576,575,576,0,576,572,576,0,576,569,576,0,576,566,576,0,576,568,576,0,576,575,576,0,576,576,576,0,576,557
,Q31,RMP,TAMESIDE HOSPITAL NHS FOUNDATION TRUST,419,40,459,459,419,37,456,456,419,34,453,453,419,30,449,449,419,28,447,447,419,28,447,447,419,78,497,497,419,29,448,448,419,27,446,446,419,26,445,445,419,28,447,447,419,76,495,495,419,26,445,445,419,28,447,447,419,0,419,419,419,32,451,451,419,46,465,465,419,73,492,492,419,33,452,452
,Q31,RNL,NORTH CUMBRIA UNIVERSITY HOSPITALS NHS TRUST,553,10,563,528,576,4,580,539,568,3,571,538,568,3,571,519,568,9,577,522,568,10,578,541,568,2,570,526,568,2,570,511,568,1,569,511,568,1,569,512,568,1,569,522,568,2,570,523,568,9,577,512,568,9,577,523,568,0,568,529,568,0,568,527,568,1,569,518,568,0,568,527,568,0,568,541
,Q31,RQ6,ROYAL LIVERPOOL AND BROADGREEN UNIVERSITY HOSPITALS NHS TRUST,770,33,803,803,770,24,794,794,770,26,796,791,770,26,796,789,770,10,780,778,770,9,779,779,770,18,788,788,770,10,780,779,770,27,797,795,770,21,791,791,770,26,796,796,770,0,770,764,770,20,790,789,770,15,785,785,770,18,788,788,770,27,797,788,770,14,784,783,770,22,792,790,770,28,798,798
,Q31,RRF,"WRIGHTINGTON, WIGAN AND LEIGH NHS FOUNDATION TRUST",472,12,484,447,472,13,485,455,472,8,480,435,472,8,480,431,472,9,481,394,472,1,473,441,472,3,475,429,472,3,475,422,472,2,474,421,472,5,477,447,472,0,472,442,472,1,473,424,472,3,475,439,472,1,473,436,472,3,475,436,472,8,480,433,472,3,475,447,472,3,475,433,472,3,475,428
,Q31,RTX,UNIVERSITY HOSPITALS OF MORECAMBE BAY NHS FOUNDATION TRUST,760,0,760,731,760,0,760,748,760,0,760,746,760,0,760,746,760,0,760,760,760,0,760,741,760,0,760,751,760,0,760,740,760,0,760,735,760,0,760,731,760,0,760,738,760,0,760,759,760,0,760,757,760,0,760,737,760,0,760,751,760,0,760,746,760,0,760,743,760,0,760,735,760,0,760,721
,Q31,RVY,SOUTHPORT AND ORMSKIRK HOSPITAL NHS TRUST,377,33,410,388,377,31,408,381,377,31,408,382,377,42,419,400,377,36,413,391,377,38,415,403,377,35,412,391,377,29,406,372,377,23,400,368,377,30,407,383,377,38,415,391,371,44,415,391,371,45,416,390,377,44,421,397,377,39,416,387,377,49,426,401,377,54,431,416,377,40,417,393,377,47,424,404
,Q31,RW3,CENTRAL MANCHESTER UNIVERSITY HOSPITALS NHS FOUNDATION TRUST,"1,204",69,"1,273","1,219","1,204",69,"1,273","1,213","1,204",69,"1,273","1,205","1,204",69,"1,273","1,203","1,204",69,"1,273","1,175","1,228",44,"1,272","1,235","1,228",44,"1,272","1,226","1,204",56,"1,260","1,211","1,204",56,"1,260","1,232","1,220",57,"1,277","1,168","1,208",64,"1,272","1,252","1,228",64,"1,292","1,255","1,208",64,"1,272","1,222","1,238",39,"1,277","1,233","1,207",47,"1,254","1,220","1,208",64,"1,272","1,233","1,208",64,"1,272","1,239","1,204",53,"1,257","1,212","1,204",46,"1,250","1,211"
,Q31,RW6,PENNINE ACUTE HOSPITALS NHS TRUST,"1,073",0,"1,073","1,013","1,073",0,"1,073","1,008","1,068",0,"1,068",999,"1,067",0,"1,067",996,"1,077",0,"1,077",966,"1,075",0,"1,075","1,002","1,070",0,"1,070",995,"1,069",0,"1,069",998,"1,066",0,"1,066",996,"1,060",0,"1,060",946,"1,055",0,"1,055",956,"1,059",0,"1,059",990,"1,057",0,"1,057","1,001","1,058",0,"1,058",976,"1,069",0,"1,069",976,"1,066",0,"1,066","1,014","1,076",0,"1,076","1,032","1,075",0,"1,075","1,010","1,074",0,"1,074","1,000"
,Q31,RWJ,STOCKPORT NHS FOUNDATION TRUST,679,49,728,672,679,49,728,653,674,54,728,676,679,49,728,679,677,51,728,652,673,55,728,695,673,55,728,684,665,63,728,665,722,6,728,658,664,64,728,697,680,54,734,688,690,59,749,685,694,55,749,694,700,49,749,665,693,43,736,661,687,48,735,692,687,48,735,680,687,48,735,687,686,49,735,652
,Q31,RWW,WARRINGTON AND HALTON HOSPITALS NHS FOUNDATION TRUST,536,37,573,536,536,27,563,528,536,17,553,511,536,19,555,512,536,41,577,533,536,40,576,546,536,31,567,525,536,31,567,517,536,30,566,530,536,35,571,535,536,34,570,535,566,33,599,559,566,18,584,534,566,20,586,533,566,30,596,556,566,40,606,564,566,38,604,561,566,40,606,537,566,31,597,538
,Q31,RXL,BLACKPOOL TEACHING HOSPITALS NHS FOUNDATION TRUST,650,14,664,623,650,16,666,619,650,13,663,618,650,12,662,617,650,18,668,660,650,20,670,650,650,22,672,640,650,13,663,655,650,11,661,621,650,26,676,601,650,24,674,611,650,20,670,625,650,24,674,642,650,20,670,642,650,24,674,636,650,25,675,643,650,23,673,655,650,6,656,656,650,5,655,641
,Q31,RXN,LANCASHIRE TEACHING HOSPITALS NHS FOUNDATION TRUST,818,75,893,879,818,66,884,863,818,62,880,849,818,52,870,846,818,49,867,809,819,77,896,834,819,68,887,832,819,72,891,836,818,68,886,873,818,71,889,865,819,73,892,831,819,56,875,821,819,61,880,844,819,58,877,848,818,71,889,863,818,79,897,867,818,82,900,893,818,77,895,893,818,81,899,891
,Q31,RXR,EAST LANCASHIRE HOSPITALS NHS TRUST,865,74,939,911,865,67,932,876,865,48,913,845,865,55,920,883,865,56,921,834,865,57,922,876,865,75,940,923,865,71,936,898,865,69,934,907,865,74,939,916,865,72,937,917,865,72,937,917,865,39,904,867,865,53,918,889,865,92,957,918,865,65,930,900,865,65,930,890,865,27,892,850,865,73,938,923
,Q32,RAE,BRADFORD TEACHING HOSPITALS NHS FOUNDATION TRUST,831,0,831,795,831,0,831,757,831,0,831,767,831,0,831,786,831,0,831,756,831,0,831,747,831,0,831,756,831,0,831,759,831,0,831,783,831,0,831,809,831,0,831,799,831,0,831,764,831,0,831,752,831,0,831,757,831,0,831,722,831,0,831,762,831,0,831,809,831,0,831,799,831,0,831,799
,Q32,RCB,YORK TEACHING HOSPITAL NHS FOUNDATION TRUST,"1,009",53,"1,062",910,"1,017",53,"1,070",912,"1,009",60,"1,069",834,"1,009",56,"1,065",854,"1,009",53,"1,062",834,"1,009",48,"1,057",825,"1,009",51,"1,060",834,"1,009",49,"1,058",787,"1,009",62,"1,071",812,"1,009",73,"1,082",854,"1,009",43,"1,052",843,"1,009",41,"1,050",877,"1,009",60,"1,069",858,"1,009",65,"1,074",876,"1,009",63,"1,072",909,"1,009",39,"1,048",922,"1,009",55,"1,064",914,"1,009",58,"1,067",940,"1,009",69,"1,078",924
,Q32,RCD,HARROGATE AND DISTRICT NHS FOUNDATION TRUST,315,4,319,290,315,6,321,288,315,6,321,293,315,5,320,281,315,6,321,281,315,6,321,283,309,6,315,282,309,6,315,282,309,6,315,282,309,6,315,284,309,11,320,308,309,6,315,291,309,10,319,291,309,8,317,297,309,11,320,282,309,12,321,301,309,12,321,294,309,10,319,294,309,7,316,287
,Q32,RCF,AIREDALE NHS FOUNDATION TRUST,296,56,352,343,296,44,340,329,296,52,348,334,296,50,346,333,296,47,343,342,296,42,338,333,296,45,341,337,296,45,341,333,296,46,342,334,296,52,348,341,296,44,340,335,296,29,325,317,296,28,324,315,296,25,321,295,296,24,320,314,296,24,320,311,296,31,327,316,296,31,327,307,296,31,327,309
,Q32,RCU,SHEFFIELD CHILDREN'S NHS FOUNDATION TRUST,146,0,146,117,146,0,146,142,144,0,144,144,146,0,146,119,144,0,144,140,144,0,144,138,144,0,144,140,144,0,144,124,144,0,144,121,144,0,144,134,144,0,144,134,144,0,144,140,146,0,146,129,146,0,146,130,146,0,146,122,146,0,146,127,146,0,146,122,146,0,146,119,146,0,146,133
,Q32,RFF,BARNSLEY HOSPITAL NHS FOUNDATION TRUST,415,28,443,426,415,35,450,428,415,44,459,431,415,38,453,435,415,40,455,443,415,48,463,451,415,52,467,461,415,55,470,445,415,40,455,439,415,54,469,460,415,61,476,473,415,56,471,457,415,46,461,453,415,37,452,442,415,47,462,447,415,63,478,462,415,51,466,445,415,47,462,444,415,36,451,421
,Q32,RFR,THE ROTHERHAM NHS FOUNDATION TRUST,393,53,446,431,393,52,445,428,393,58,451,434,378,58,436,416,378,55,433,426,393,47,440,424,393,51,444,434,393,53,446,421,378,45,423,398,393,46,439,401,393,48,441,412,393,48,441,431,393,54,447,415,393,58,451,419,393,42,435,409,393,42,435,423,378,46,424,414,393,50,443,425,393,45,438,406
,Q32,RHQ,SHEFFIELD TEACHING HOSPITALS NHS FOUNDATION TRUST,"1,258",79,"1,337","1,176","1,258",79,"1,337","1,170","1,258",79,"1,337","1,216","1,258",79,"1,337","1,202","1,258",79,"1,337","1,188","1,258",79,"1,337","1,192","1,258",79,"1,337","1,220","1,258",79,"1,337","1,198","1,258",79,"1,337","1,179","1,258",59,"1,317","1,184","1,258",59,"1,317","1,199","1,258",59,"1,317","1,203","1,258",59,"1,317","1,201","1,258",59,"1,317","1,200","1,258",47,"1,305","1,147","1,258",47,"1,305","1,190","1,258",47,"1,305","1,156","1,258",58,"1,316","1,202","1,258",47,"1,305","1,209"
,Q32,RJL,NORTHERN LINCOLNSHIRE AND GOOLE HOSPITALS NHS FOUNDATION TRUST,766,11,777,712,766,7,773,717,766,5,771,694,766,8,774,682,766,0,766,689,766,3,769,701,776,0,776,704,776,1,777,703,776,1,777,719,776,0,776,721,776,5,781,723,776,4,780,715,776,0,776,716,776,0,776,702,776,0,776,714,776,8,784,719,776,3,779,754,776,8,784,744,776,0,776,714
,Q32,RP5,DONCASTER AND BASSETLAW HOSPITALS NHS FOUNDATION TRUST,836,25,861,765,836,25,861,765,836,25,861,765,836,25,861,765,836,25,861,765,836,29,865,845,836,25,861,765,836,25,861,765,836,25,861,765,836,25,861,765,836,25,861,765,836,25,861,765,836,29,865,825,836,25,861,808,836,25,861,765,836,25,861,765,836,25,861,765,836,25,861,765,836,25,861,765
,Q32,RR8,LEEDS TEACHING HOSPITALS NHS TRUST,"1,900",48,"1,948","1,822","1,900",48,"1,948","1,811","1,900",48,"1,948","1,846","1,900",48,"1,948","1,862","1,900",48,"1,948","1,879","1,900",48,"1,948","1,838","1,900",48,"1,948","1,822","1,900",48,"1,948","1,822","1,900",48,"1,948","1,773","1,900",48,"1,948","1,850","1,900",48,"1,948","1,870","1,900",48,"1,948","1,817","1,900",48,"1,948","1,821","1,900",48,"1,948","1,812","1,908",48,"1,956","1,855","1,908",48,"1,956","1,829","1,908",48,"1,956","1,868","1,908",48,"1,956","1,887","1,908",48,"1,956","1,873"
,Q32,RWA,HULL AND EAST YORKSHIRE HOSPITALS NHS TRUST,"1,125",16,"1,141","1,119","1,133",18,"1,151","1,148","1,129",16,"1,145","1,128","1,125",14,"1,139","1,084","1,087",13,"1,100","1,044","1,039",12,"1,051","1,011","1,043",14,"1,057","1,033","1,038",15,"1,053","1,010","1,038",20,"1,058","1,028","1,037",14,"1,051",986,"1,097",27,"1,124","1,112","1,101",19,"1,120","1,114","1,129",16,"1,145","1,135","1,129",18,"1,147","1,142","1,109",20,"1,129","1,053","1,069",15,"1,084","1,052","1,046",16,"1,062","1,056","1,045",18,"1,063","1,047","1,048",21,"1,069","1,068"
,Q32,RWY,CALDERDALE AND HUDDERSFIELD NHS FOUNDATION TRUST,616,94,710,695,616,80,696,680,616,79,695,668,616,79,695,680,616,99,715,693,616,82,698,680,616,81,697,679,616,82,698,673,616,79,695,678,616,80,696,671,616,79,695,668,616,78,694,671,616,83,699,677,616,77,693,657,616,80,696,661,616,84,700,675,616,91,707,693,616,86,702,674,616,82,698,680
,Q32,RXF,MID YORKSHIRE HOSPITALS NHS TRUST,981,85,"1,066","1,014",981,83,"1,064","1,029",981,75,"1,056","1,021",981,70,"1,051",974,981,70,"1,051","1,007",981,72,"1,053","1,001",981,78,"1,059","1,015",983,74,"1,057","1,015",981,64,"1,045",990,981,81,"1,062",991,981,71,"1,052","1,008",981,73,"1,054","1,025",981,90,"1,071",998,981,73,"1,054",993,981,81,"1,062","1,048",981,90,"1,071","1,062",981,95,"1,076","1,055",981,91,"1,072","1,062",981,95,"1,076","1,031"
,Q33,RFS,CHESTERFIELD ROYAL HOSPITAL NHS FOUNDATION TRUST,547,49,596,575,547,52,599,575,547,49,596,569,547,49,596,565,547,54,601,588,547,50,597,574,547,50,597,560,547,50,597,580,547,50,597,545,547,47,594,577,547,50,597,567,547,50,597,578,547,47,594,578,547,50,597,580,547,50,597,593,547,61,608,587,547,50,597,590,547,50,597,580,547,50,597,583
,Q33,RK5,SHERWOOD FOREST HOSPITALS NHS FOUNDATION TRUST,672,57,729,705,672,61,733,701,672,59,731,709,672,52,724,702,672,59,731,723,672,62,734,714,672,62,734,725,672,62,734,696,672,59,731,700,672,59,731,685,672,60,732,698,672,56,728,707,672,59,731,708,672,56,728,692,672,55,727,699,672,62,734,701,672,60,732,700,672,62,734,688,672,58,730,678
,Q33,RNQ,KETTERING GENERAL HOSPITAL NHS FOUNDATION TRUST,528,0,528,528,528,0,528,528,528,0,528,528,528,0,528,528,528,0,528,527,528,0,528,527,528,0,528,501,528,0,528,528,528,0,528,520,528,0,528,520,528,0,528,519,528,0,528,519,528,0,528,528,528,0,528,528,528,0,528,513,528,0,528,528,528,0,528,528,528,0,528,510,528,0,528,519
,Q33,RNS,NORTHAMPTON GENERAL HOSPITAL NHS TRUST,524,24,548,548,524,24,548,537,524,24,548,547,524,24,548,548,524,24,548,548,524,24,548,546,524,24,548,546,526,24,550,550,526,24,550,543,526,24,550,529,526,24,550,549,526,24,550,545,526,24,550,548,526,24,550,538,526,24,550,537,526,24,550,549,526,24,550,549,526,24,550,550,526,24,550,548
,Q33,RTG,DERBY HOSPITALS NHS FOUNDATION TRUST,"1,102",47,"1,149","1,138","1,102",47,"1,149","1,140","1,102",47,"1,149","1,139","1,102",47,"1,149","1,134","1,102",47,"1,149","1,113","1,102",47,"1,149","1,138","1,102",47,"1,149","1,143","1,102",47,"1,149","1,144","1,102",47,"1,149","1,130","1,102",47,"1,149","1,140","1,102",47,"1,149","1,144","1,102",47,"1,149","1,129","1,102",47,"1,149","1,123","1,102",47,"1,149","1,121","1,102",47,"1,149","1,138","1,102",47,"1,149","1,144","1,102",47,"1,149","1,134","1,102",47,"1,149","1,140","1,102",47,"1,149","1,135"
,Q33,RWD,UNITED LINCOLNSHIRE HOSPITALS NHS TRUST,"1,056",107,"1,163","1,141","1,056",38,"1,094","1,069","1,056",41,"1,097","1,075","1,056",84,"1,140","1,123","1,056",30,"1,086","1,054","1,056",56,"1,112","1,099","1,050",52,"1,102","1,065","1,056",64,"1,120","1,103","1,056",70,"1,126","1,098","1,056",87,"1,143","1,130","1,056",94,"1,150","1,134","1,056",62,"1,118","1,096","1,056",57,"1,113","1,088","1,056",39,"1,095","1,056","1,056",78,"1,134","1,116","1,056",87,"1,143","1,129","1,056",68,"1,124","1,105","1,056",89,"1,145","1,109","1,056",84,"1,140","1,110"
,Q33,RWE,UNIVERSITY HOSPITALS OF LEICESTER NHS TRUST,"1,640",65,"1,705","1,629","1,640",65,"1,705","1,639","1,640",65,"1,705","1,656","1,640",65,"1,705","1,611","1,640",65,"1,705","1,585","1,640",65,"1,705","1,631","1,640",47,"1,687","1,630","1,640",47,"1,687","1,615","1,640",47,"1,687","1,594","1,640",47,"1,687","1,605","1,640",47,"1,687","1,646","1,640",47,"1,687","1,642","1,640",47,"1,687","1,653","1,640",47,"1,687","1,557","1,640",47,"1,687","1,646","1,640",47,"1,687","1,648","1,640",47,"1,687","1,661","1,640",47,"1,687","1,659","1,640",47,"1,687","1,649"
,Q33,RX1,NOTTINGHAM UNIVERSITY HOSPITALS NHS TRUST,"1,568",5,"1,573","1,525","1,546",20,"1,566","1,529","1,546",20,"1,566","1,517","1,568",5,"1,573","1,496","1,568",0,"1,568","1,524","1,568",0,"1,568","1,512","1,568",0,"1,568","1,519","1,568",5,"1,573","1,527","1,546",20,"1,566","1,485","1,568",0,"1,568","1,462","1,568",5,"1,573","1,541","1,568",0,"1,568","1,500","1,568",0,"1,568","1,525","1,568",0,"1,568","1,524","1,568",0,"1,568","1,454","1,568",5,"1,573","1,454","1,568",10,"1,578","1,522","1,568",9,"1,577","1,513","1,568",0,"1,568","1,502"
,Q34,RBK,WALSALL HEALTHCARE NHS TRUST,415,60,475,459,415,64,479,458,415,64,479,463,415,37,452,443,415,38,453,451,415,48,463,463,415,50,465,450,415,48,463,460,415,48,463,457,415,60,475,475,415,54,469,465,415,59,474,471,415,64,479,478,415,61,476,475,415,58,473,467,415,58,473,467,415,58,473,467,415,61,476,470,415,56,471,465
,Q34,RJC,SOUTH WARWICKSHIRE NHS FOUNDATION TRUST,408,8,416,414,408,8,416,405,408,8,416,415,408,8,416,416,408,8,416,409,408,8,416,415,408,8,416,416,408,8,416,411,408,8,416,408,408,8,416,414,408,8,416,413,408,7,415,406,408,8,416,414,408,8,416,401,408,1,409,403,408,1,409,404,408,1,409,403,408,1,409,405,408,0,408,398
,Q34,RJD,MID STAFFORDSHIRE NHS FOUNDATION TRUST,352,52,404,399,352,48,400,395,352,54,406,397,352,50,402,399,352,44,396,394,352,48,400,398,352,54,406,405,352,47,399,396,352,47,399,386,352,47,399,399,352,40,392,392,352,40,392,392,352,43,395,390,352,41,393,386,352,50,402,402,352,52,404,404,352,43,395,388,352,44,396,396,352,39,391,330
,Q34,RJE,UNIVERSITY HOSPITAL OF NORTH STAFFORDSHIRE NHS TRUST,"1,106",38,"1,144","1,134","1,106",41,"1,147","1,142","1,106",25,"1,131","1,116","1,106",13,"1,119","1,099","1,106",15,"1,121","1,059","1,114",10,"1,124","1,101","1,114",14,"1,128","1,116","1,114",14,"1,128","1,103","1,114",14,"1,128","1,077","1,114",21,"1,135","1,108","1,114",21,"1,135","1,097","1,114",8,"1,122","1,106","1,114",8,"1,122","1,102","1,114",12,"1,126","1,086","1,114",12,"1,126","1,111","1,114",4,"1,118","1,118","1,114",18,"1,132","1,122","1,114",18,"1,132","1,091","1,114",18,"1,132","1,098"
,Q34,RJF,BURTON HOSPITALS NHS FOUNDATION TRUST,224,33,257,256,224,33,257,255,224,33,257,257,224,33,257,256,224,33,257,257,224,33,257,252,224,33,257,257,224,33,257,256,224,33,257,257,224,27,251,251,224,27,251,248,224,27,251,250,224,27,251,245,224,27,251,248,224,33,257,257,224,27,251,251,224,33,257,257,224,27,251,251,224,27,251,251
,Q34,RKB,UNIVERSITY HOSPITALS COVENTRY AND WARWICKSHIRE NHS TRUST,"1,091",14,"1,105","1,091","1,075",13,"1,088","1,086","1,075",13,"1,088","1,086","1,101",11,"1,112","1,083","1,087",12,"1,099","1,090","1,093",12,"1,105","1,064","1,090",13,"1,103","1,076","1,099",13,"1,112","1,086","1,075",13,"1,088","1,069","1,088",14,"1,102","1,069","1,159",14,"1,173","1,161","1,088",14,"1,102","1,089","1,089",13,"1,102","1,089","1,076",11,"1,087","1,047","1,056",9,"1,065","1,047","1,067",14,"1,081","1,070","1,061",13,"1,074","1,060","1,039",13,"1,052","1,038","1,031",12,"1,043","1,039"
,Q34,RL1,THE ROBERT JONES AND AGNES HUNT ORTHOPAEDIC HOSPITAL NHS FOUNDATION TRUST,179,0,179,138,179,0,179,138,179,0,179,141,179,0,179,143,179,0,179,139,179,0,179,132,179,0,179,146,179,0,179,145,180,0,180,146,179,0,179,137,179,0,179,154,179,0,179,145,179,0,179,142,179,0,179,145,179,0,179,134,179,0,179,130,179,0,179,137,179,0,179,148,181,0,181,137
,Q34,RL4,THE ROYAL WOLVERHAMPTON NHS TRUST,662,45,707,686,662,48,710,689,662,42,704,678,662,45,707,671,662,44,706,681,662,45,707,675,662,44,706,682,662,33,695,651,662,32,694,653,662,41,703,650,662,39,701,681,662,38,700,680,662,35,697,653,662,40,702,687,662,30,692,646,662,27,689,649,662,37,699,671,662,38,700,677,662,36,698,664
,Q34,RLQ,WYE VALLEY NHS TRUST,211,27,238,234,222,17,239,238,222,24,246,246,222,20,242,241,222,27,249,246,222,27,249,245,222,23,245,242,222,18,240,236,211,25,236,233,222,22,244,244,222,30,252,243,222,26,248,1,222,30,252,250,222,39,261,256,222,26,248,247,222,41,263,263,222,28,250,250,222,16,238,238,222,15,237,235
,Q34,RLT,GEORGE ELIOT HOSPITAL NHS TRUST,279,36,315,290,279,36,315,298,279,36,315,289,279,36,315,293,279,36,315,310,279,36,315,308,279,36,315,314,279,36,315,310,279,36,315,313,279,36,315,313,279,36,315,312,279,36,315,306,279,36,315,311,279,36,315,296,279,36,315,314,279,36,315,312,279,36,315,313,279,36,315,310,279,36,315,302
,Q34,RLU,BIRMINGHAM WOMEN'S NHS FOUNDATION TRUST,42,0,42,25,42,0,42,34,42,0,42,29,42,0,42,31,42,0,42,33,42,0,42,21,42,0,42,26,42,0,42,31,42,0,42,33,42,0,42,25,42,0,42,29,42,0,42,28,42,0,42,28,42,0,42,25,42,0,42,15,42,0,42,24,42,0,42,18,42,0,42,27,42,0,42,36
,Q34,RNA,THE DUDLEY GROUP NHS FOUNDATION TRUST,694,0,694,638,699,0,699,633,694,0,694,614,699,0,699,594,682,0,682,622,694,0,694,633,694,0,694,602,694,0,694,603,694,0,694,602,687,0,687,622,699,0,699,617,699,0,699,606,699,0,699,597,699,0,699,574,699,0,699,599,699,0,699,609,699,0,699,601,699,0,699,627,699,0,699,630
,Q34,RQ3,BIRMINGHAM CHILDREN'S HOSPITAL NHS FOUNDATION TRUST,229,11,240,204,229,11,240,211,229,11,240,206,229,11,240,197,229,11,240,176,229,11,240,210,229,11,240,206,229,11,240,196,229,11,240,189,229,11,240,188,229,11,240,202,229,11,240,200,229,11,240,195,229,11,240,207,229,11,240,182,229,11,240,207,229,11,240,212,229,11,240,197,229,11,240,204
,Q34,RR1,HEART OF ENGLAND NHS FOUNDATION TRUST,"1,263",20,"1,283","1,229","1,263",20,"1,283","1,224","1,263",20,"1,283","1,227","1,263",20,"1,283","1,232","1,263",12,"1,275","1,227","1,263",20,"1,283","1,227","1,263",20,"1,283","1,225","1,263",20,"1,283","1,224","1,263",20,"1,283","1,228","1,263",12,"1,275","1,260","1,263",20,"1,283","1,230","1,263",20,"1,283","1,240","1,263",20,"1,283","1,226","1,263",20,"1,283","1,227","1,263",20,"1,283","1,234","1,263",20,"1,283","1,232","1,263",20,"1,283","1,229","1,263",20,"1,283","1,229","1,263",20,"1,283","1,229"
,Q34,RRJ,THE ROYAL ORTHOPAEDIC HOSPITAL NHS FOUNDATION TRUST,119,0,119,99,131,0,131,121,119,0,119,118,119,0,119,116,119,0,119,89,119,0,119,111,119,0,119,113,119,0,119,117,119,0,119,117,131,0,131,92,119,0,119,91,119,0,119,83,119,0,119,102,119,0,119,92,119,0,119,78,119,0,119,100,119,0,119,114,119,0,119,116,119,0,119,110
,Q34,RRK,UNIVERSITY HOSPITALS BIRMINGHAM NHS FOUNDATION TRUST,"1,012",59,"1,071","1,069","1,012",62,"1,074","1,074","1,012",62,"1,074","1,073","1,012",62,"1,074","1,071","1,012",59,"1,071","1,054","1,012",62,"1,074","1,069","1,012",62,"1,074","1,064","1,012",61,"1,073","1,061","1,012",62,"1,074","1,066","1,012",61,"1,073","1,052","1,012",62,"1,074","1,066","1,012",62,"1,074","1,065","1,012",62,"1,074","1,074","1,012",62,"1,074","1,073","1,012",62,"1,074","1,052","1,012",62,"1,074","1,069","1,012",62,"1,074","1,071","1,012",62,"1,074","1,071","1,012",62,"1,074","1,060"
,Q34,RWP,WORCESTERSHIRE ACUTE HOSPITALS NHS TRUST,806,0,806,792,806,0,806,782,806,0,806,786,806,0,806,785,806,0,806,796,806,0,806,801,806,0,806,795,806,0,806,792,806,0,806,788,806,0,806,790,806,0,806,795,806,0,806,801,806,0,806,798,806,0,806,801,806,0,806,797,806,0,806,797,806,0,806,796,806,0,806,797,806,0,806,796
,Q34,RXK,SANDWELL AND WEST BIRMINGHAM HOSPITALS NHS TRUST,773,11,784,701,773,11,784,701,773,11,784,710,773,11,784,695,773,11,784,664,773,11,784,698,773,11,784,692,773,11,784,687,773,11,784,666,755,5,760,617,779,5,784,649,779,5,784,641,779,5,784,615,736,5,741,621,769,5,774,635,769,5,774,646,769,5,774,646,769,5,774,642,769,5,774,661
,Q34,RXW,SHREWSBURY AND TELFORD HOSPITAL NHS TRUST,609,92,701,701,609,91,700,698,609,89,698,698,609,90,699,685,609,90,699,693,609,85,694,692,609,87,696,688,609,85,694,692,609,88,697,694,609,90,699,695,609,91,700,700,609,92,701,701,609,93,702,702,609,95,704,701,609,90,699,699,609,99,708,708,609,94,703,703,609,91,700,698,609,88,697,697
,Q35,RAJ,SOUTHEND UNIVERSITY HOSPITAL NHS FOUNDATION TRUST,631,0,631,623,631,0,631,619,631,0,631,615,631,0,631,611,631,0,631,595,631,0,631,608,631,0,631,618,630,0,630,615,615,0,615,601,631,0,631,617,631,0,631,621,631,0,631,614,631,0,631,607,631,0,631,606,631,0,631,616,631,0,631,620,631,0,631,612,631,0,631,600,631,0,631,612
,Q35,RC1,BEDFORD HOSPITAL NHS TRUST,309,52,361,301,309,46,355,309,309,46,355,334,309,45,354,340,309,45,354,351,309,50,359,317,309,50,359,320,309,50,359,323,309,47,356,342,309,47,356,342,309,47,356,347,309,45,354,327,309,45,354,317,309,41,350,311,309,42,351,306,309,42,351,319,309,40,349,328,309,44,353,322,309,44,353,323
,Q35,RC9,LUTON AND DUNSTABLE HOSPITAL NHS FOUNDATION TRUST,493,19,512,501,501,12,513,487,505,12,517,484,526,6,532,497,505,11,516,480,534,10,544,502,534,10,544,498,534,19,553,524,534,10,544,494,501,10,511,461,497,9,506,457,508,7,515,449,508,8,516,455,524,8,532,454,505,10,515,471,505,10,515,454,505,11,516,459,505,19,524,476,534,7,541,488
,Q35,RCX,"THE QUEEN ELIZABETH HOSPITAL, KING'S LYNN, NHS FOUNDATION TRUST",415,20,435,425,419,20,439,432,421,27,448,439,419,19,438,430,419,22,441,430,418,19,437,426,418,28,446,441,417,19,436,433,421,22,443,438,421,26,447,436,421,25,446,446,421,27,448,446,421,18,439,433,421,16,437,392,421,6,427,376,407,16,423,416,405,20,425,420,417,26,443,432,421,23,444,429
,Q35,RDD,BASILDON AND THURROCK UNIVERSITY HOSPITALS NHS FOUNDATION TRUST,606,19,625,601,606,17,623,597,606,27,633,625,606,17,623,583,606,24,630,617,606,19,625,612,606,27,633,604,606,25,631,603,606,15,621,590,606,18,624,592,606,14,620,605,606,18,624,614,606,15,621,587,606,8,614,578,606,9,615,578,606,19,625,592,606,16,622,598,606,18,624,606,606,11,617,594
,Q35,RDE,COLCHESTER HOSPITAL UNIVERSITY NHS FOUNDATION TRUST,631,26,657,644,631,13,644,620,631,14,645,625,631,6,637,606,631,33,664,643,631,19,650,635,631,28,659,648,631,29,660,654,631,29,660,650,631,34,665,659,631,33,664,651,631,25,656,619,631,20,651,616,631,13,644,609,631,15,646,620,631,25,656,638,631,23,654,627,631,29,660,656,631,28,659,638
,Q35,RGM,PAPWORTH HOSPITAL NHS FOUNDATION TRUST,276,0,276,227,276,0,276,229,275,0,275,229,274,0,274,233,275,0,275,249,276,0,276,224,276,0,276,248,276,0,276,250,275,0,275,242,275,0,275,216,275,0,275,225,273,0,273,239,273,0,273,224,272,0,272,233,272,0,272,213,276,0,276,229,264,0,264,226,276,0,276,222,276,0,276,227
,Q35,RGN,PETERBOROUGH AND STAMFORD HOSPITALS NHS FOUNDATION TRUST,612,4,616,570,612,4,616,579,611,7,618,576,613,11,624,574,613,4,617,565,611,8,619,572,609,17,626,600,609,4,613,555,605,1,606,567,612,4,616,540,612,4,616,568,612,10,622,583,612,8,620,579,612,4,616,559,613,3,616,548,613,6,619,558,613,4,617,564,610,4,614,561,609,3,612,566
,Q35,RGP,JAMES PAGET UNIVERSITY HOSPITALS NHS FOUNDATION TRUST,391,34,425,425,391,34,425,425,391,33,424,424,391,38,429,422,391,38,429,422,391,38,429,429,391,28,419,419,391,31,422,422,391,26,417,417,391,38,429,429,391,41,432,432,391,41,432,432,391,41,432,432,391,41,432,432,391,41,432,432,391,39,430,430,391,39,430,430,391,39,430,430,391,39,430,430
,Q35,RGQ,IPSWICH HOSPITAL NHS TRUST,549,0,549,549,549,0,549,547,549,0,549,549,549,0,549,549,549,0,549,549,553,0,553,547,553,0,553,547,553,0,553,553,553,0,553,553,553,0,553,553,553,0,553,551,553,0,553,551,553,0,553,538,553,0,553,531,553,21,574,531,553,14,567,567,553,26,579,579,553,26,579,579,553,23,576,573
,Q35,RGR,WEST SUFFOLK NHS FOUNDATION TRUST,408,36,444,443,414,34,448,440,414,34,448,427,408,34,442,407,408,34,442,432,408,34,442,430,408,34,442,431,402,34,436,430,413,34,447,433,408,34,442,419,414,22,436,418,414,22,436,413,414,37,451,436,414,38,452,432,414,17,431,417,414,30,444,421,414,26,440,431,414,26,440,425,414,26,440,420
,Q35,RGT,CAMBRIDGE UNIVERSITY HOSPITALS NHS FOUNDATION TRUST,786,35,821,815,787,38,825,821,790,39,829,825,787,37,824,813,790,37,827,753,788,27,815,807,786,33,819,808,788,35,823,821,788,27,815,781,790,36,826,815,790,27,817,805,790,27,817,800,789,27,816,801,790,35,825,815,790,31,821,816,789,36,825,817,789,36,825,815,790,30,820,812,789,36,825,817
,Q35,RM1,NORFOLK AND NORWICH UNIVERSITY HOSPITALS NHS FOUNDATION TRUST,931,29,960,959,931,18,949,926,930,15,945,916,931,15,946,914,931,14,945,921,930,26,956,945,930,26,956,956,930,38,968,952,928,33,961,936,929,20,949,918,929,20,949,916,930,18,948,905,928,14,942,881,931,12,943,911,930,13,943,930,931,19,950,939,927,21,948,931,926,26,952,935,921,38,959,946
,Q35,RQ8,MID ESSEX HOSPITAL SERVICES NHS TRUST,497,35,532,507,497,43,540,512,497,36,533,506,497,25,522,496,497,13,510,479,497,18,515,481,497,17,514,475,498,13,511,510,498,15,513,511,497,28,525,520,497,41,538,530,497,48,545,538,497,51,548,540,497,41,538,516,497,24,521,519,498,37,535,511,498,37,535,519,498,33,531,517,498,32,530,516
,Q35,RQQ,HINCHINGBROOKE HEALTH CARE NHS TRUST,239,6,245,232,235,7,242,236,225,7,232,228,228,6,234,222,224,6,230,230,236,9,245,231,237,0,237,233,242,0,242,236,226,0,226,220,225,0,225,213,242,0,242,222,243,0,243,224,235,0,235,207,230,0,230,204,225,0,225,211,233,0,233,217,241,0,241,227,240,0,240,217,233,0,233,221
,Q35,RQW,THE PRINCESS ALEXANDRA HOSPITAL NHS TRUST,380,9,389,378,362,7,369,357,362,7,369,368,362,13,375,368,362,13,375,362,362,15,377,369,362,7,369,358,362,11,373,357,362,7,369,360,362,4,366,339,362,10,372,362,362,12,374,374,362,7,369,364,362,9,371,368,362,16,378,354,362,20,382,376,362,20,382,374,362,16,378,375,362,16,378,375
,Q35,RWG,WEST HERTFORDSHIRE HOSPITALS NHS TRUST,656,15,671,620,656,15,671,617,656,15,671,603,656,15,671,623,656,15,671,595,655,15,670,597,656,15,671,624,656,15,671,622,656,15,671,609,647,15,662,589,647,15,662,594,647,15,662,605,647,15,662,602,647,15,662,615,647,15,662,609,651,15,666,609,655,15,670,597,650,15,665,605,654,15,669,633
,Q35,RWH,EAST AND NORTH HERTFORDSHIRE NHS TRUST,561,16,577,573,561,18,579,577,561,18,579,572,561,16,577,560,561,16,577,566,561,16,577,568,564,18,582,578,564,12,576,557,564,6,570,550,564,6,570,548,564,6,570,561,564,6,570,566,564,6,570,553,564,6,570,566,564,6,570,553,564,6,570,552,564,6,570,550,564,6,570,551,564,6,570,551
,Q36,R1H,BARTS HEALTH NHS TRUST,"1,506",93,"1,599","1,572","1,506",90,"1,596","1,563","1,506",86,"1,592","1,548","1,506",74,"1,580","1,550","1,506",111,"1,617","1,587","1,506",127,"1,633","1,602","1,506",126,"1,632","1,575","1,506",110,"1,616","1,556","1,506",81,"1,587","1,531","1,506",111,"1,617","1,614","1,506",92,"1,598","1,593","1,506",96,"1,602","1,311","1,506",84,"1,590","1,552","1,506",82,"1,588","1,560","1,506",101,"1,607","1,563","1,506",86,"1,592","1,576","1,506",78,"1,584","1,528","1,506",85,"1,591","1,552","1,506",78,"1,584","1,536"
,Q36,RAL,ROYAL FREE LONDON NHS FOUNDATION TRUST,448,24,472,460,444,25,469,468,448,24,472,470,452,23,475,475,452,23,475,469,452,24,476,472,451,24,475,466,456,24,480,463,452,24,476,464,452,24,476,474,412,22,434,432,400,22,422,417,444,23,467,457,456,23,479,477,452,23,475,460,446,22,468,464,450,22,472,464,456,22,478,478,456,28,484,481
,Q36,RAN,ROYAL NATIONAL ORTHOPAEDIC HOSPITAL NHS TRUST,186,0,186,154,186,0,186,147,186,0,186,145,186,0,186,151,186,0,186,135,186,0,186,166,186,0,186,156,186,0,186,165,186,0,186,163,186,0,186,139,186,0,186,162,186,0,186,154,186,0,186,136,186,0,186,145,186,0,186,112,186,0,186,152,186,0,186,138,186,0,186,145,186,0,186,149
,Q36,RAP,NORTH MIDDLESEX UNIVERSITY HOSPITAL NHS TRUST,256,39,295,294,256,34,290,282,256,43,299,299,256,39,295,293,256,38,294,291,256,46,302,301,256,41,297,295,256,44,300,297,256,38,294,294,256,34,290,285,256,39,295,284,256,34,290,290,256,32,288,288,256,34,290,281,256,41,297,297,256,43,299,298,256,47,303,299,256,50,306,306,256,43,299,297
,Q36,RAS,THE HILLINGDON HOSPITALS NHS FOUNDATION TRUST,273,69,342,335,273,71,344,341,273,69,342,334,273,69,342,338,273,69,342,337,273,66,339,333,273,56,329,320,273,70,343,331,273,45,318,313,273,41,314,310,273,48,321,309,273,49,322,308,273,49,322,312,273,49,322,316,273,68,341,333,273,68,341,336,273,67,340,336,273,58,331,325,273,68,341,335
,Q36,RAX,KINGSTON HOSPITAL NHS TRUST,331,40,371,360,331,40,371,362,331,40,371,360,331,40,371,360,331,35,366,357,331,29,360,349,331,30,361,348,331,29,360,351,335,26,361,356,333,28,361,347,333,31,364,352,333,29,362,353,333,38,371,361,333,28,361,349,334,27,361,346,330,31,361,336,329,32,361,351,329,35,364,356,326,35,361,354
,Q36,RC3,EALING HOSPITAL NHS TRUST,239,79,318,318,239,88,327,327,239,88,327,327,239,90,329,329,239,85,324,324,235,82,317,317,235,81,316,316,235,76,311,311,239,68,307,306,239,72,311,311,239,78,317,317,239,82,321,321,239,82,321,321,239,72,311,311,239,65,304,304,237,74,311,311,236,75,311,311,236,57,293,293,235,65,300,300
,Q36,RF4,"BARKING, HAVERING AND REDBRIDGE UNIVERSITY HOSPITALS NHS TRUST",935,0,935,935,935,0,935,933,935,0,935,908,935,0,935,924,935,0,935,929,935,0,935,935,935,0,935,931,935,0,935,907,935,0,935,904,935,0,935,932,935,0,935,935,935,0,935,910,935,0,935,911,935,0,935,912,935,0,935,928,935,0,935,935,935,0,935,926,935,0,935,923,935,0,935,923
,Q36,RFW,WEST MIDDLESEX UNIVERSITY HOSPITAL NHS TRUST,337,46,383,343,337,41,378,346,337,59,396,366,337,58,395,359,337,53,390,355,337,59,396,353,337,53,390,361,337,52,389,354,337,56,393,350,337,52,389,341,337,59,396,357,337,46,383,336,337,52,389,346,337,45,382,335,337,47,384,343,337,45,382,346,337,45,382,347,337,50,387,356,337,50,387,358
,Q36,RJ1,GUY'S AND ST THOMAS' NHS FOUNDATION TRUST,733,25,758,758,733,24,757,757,733,31,764,764,733,39,772,772,733,21,754,754,733,23,756,756,733,20,753,753,733,34,767,767,733,21,754,754,733,20,753,753,733,17,750,750,733,18,751,751,733,18,751,742,733,12,745,726,733,14,747,719,733,11,744,732,733,10,743,734,733,9,742,732,733,12,745,707
,Q36,RJ2,LEWISHAM HEALTHCARE NHS TRUST,316,28,344,344,316,28,344,344,316,28,344,344,316,28,344,336,316,28,344,344,316,28,344,344,316,28,344,344,316,28,344,344,316,28,344,344,316,28,344,338,316,28,344,342,316,28,344,337,316,28,344,332,316,28,344,333,316,28,344,344,316,28,344,343,316,28,344,335,316,28,344,334,316,28,344,329
,Q36,RJ6,CROYDON HEALTH SERVICES NHS TRUST,448,54,502,500,448,58,506,499,448,54,502,500,448,54,502,498,448,54,502,500,448,57,505,500,448,60,508,504,448,57,505,501,448,57,505,503,448,54,502,491,448,54,502,499,448,57,505,502,448,56,504,493,448,58,506,498,448,58,506,504,448,60,508,507,448,58,506,501,448,57,505,500,448,57,505,500
,Q36,RJ7,ST GEORGE'S HEALTHCARE NHS TRUST,747,18,765,741,747,18,765,735,747,23,770,728,747,22,769,751,747,16,763,751,747,26,773,763,747,24,771,759,747,21,768,735,747,15,762,745,774,14,788,745,774,20,794,764,774,25,799,777,774,22,796,773,774,26,800,765,774,12,786,743,774,15,789,760,774,30,804,794,774,26,800,794,774,14,788,782
,Q36,RJZ,KING'S COLLEGE HOSPITAL NHS FOUNDATION TRUST,865,12,877,870,865,12,877,868,865,12,877,874,865,0,865,855,865,1,866,852,865,2,867,859,865,12,877,876,865,19,884,872,865,22,887,875,865,4,869,859,865,0,865,862,865,10,875,858,865,10,875,852,865,10,875,846,865,10,875,865,865,0,865,851,865,0,865,863,865,4,869,862,865,8,873,864
,Q36,RKE,THE WHITTINGTON HOSPITAL NHS TRUST,205,29,234,210,205,18,223,216,205,19,224,209,205,17,222,215,205,18,223,211,205,20,225,218,205,18,223,205,205,18,223,205,205,18,223,202,205,15,220,206,205,18,223,207,205,18,223,210,205,12,217,191,205,12,217,185,205,15,220,197,205,18,223,204,205,17,222,207,205,12,217,194,205,12,217,189
,Q36,RP4,GREAT ORMOND STREET HOSPITAL FOR CHILDREN NHS FOUNDATION TRUST,265,0,265,247,265,0,265,253,265,0,265,253,265,0,265,265,265,0,265,194,265,0,265,241,265,0,265,248,265,0,265,248,265,0,265,221,265,0,265,202,265,0,265,202,265,0,265,244,265,0,265,233,265,0,265,228,265,0,265,201,265,0,265,241,265,0,265,239,265,0,265,235,265,0,265,244
,Q36,RP6,MOORFIELDS EYE HOSPITAL NHS FOUNDATION TRUST,11,0,11,6,11,0,11,5,11,0,11,3,11,0,11,5,11,0,11,1,11,0,11,8,11,0,11,9,11,0,11,5,11,0,11,6,11,0,11,11,11,0,11,3,11,0,11,3,11,0,11,5,11,0,11,4,11,0,11,3,11,0,11,3,11,0,11,6,11,0,11,4,11,0,11,6
,Q36,RPY,THE ROYAL MARSDEN NHS FOUNDATION TRUST,182,0,182,172,181,0,181,169,181,0,181,169,181,0,181,168,181,0,181,169,181,0,181,169,181,0,181,171,181,0,181,171,181,0,181,170,181,0,181,174,181,0,181,174,181,0,181,170,181,0,181,171,180,0,180,170,181,0,181,173,181,0,181,172,181,0,181,171,181,0,181,170,181,0,181,170
,Q36,RQM,CHELSEA AND WESTMINSTER HOSPITAL NHS FOUNDATION TRUST,289,21,310,307,289,21,310,307,289,21,310,305,289,19,308,304,289,14,303,295,289,14,303,298,289,14,303,299,289,18,307,304,289,19,308,303,289,19,308,300,289,7,296,296,289,2,291,288,289,2,291,288,289,6,295,293,289,10,299,299,289,13,302,301,289,13,302,289,289,13,302,300,289,13,302,296
,Q36,RQX,HOMERTON UNIVERSITY HOSPITAL NHS FOUNDATION TRUST,220,28,248,247,220,21,241,238,220,19,239,229,220,19,239,228,220,29,249,246,220,39,259,251,220,26,246,234,220,20,240,226,220,18,238,227,220,12,232,220,220,15,235,230,220,8,228,206,220,0,220,187,220,0,220,189,220,0,220,210,220,0,220,216,220,0,220,211,220,0,220,195,220,0,220,211
,Q36,RRV,UNIVERSITY COLLEGE LONDON HOSPITALS NHS FOUNDATION TRUST,413,0,413,400,413,0,413,402,392,0,392,364,411,0,411,388,407,0,407,375,410,0,410,380,413,0,413,396,413,0,413,403,413,0,413,398,413,0,413,384,413,0,413,399,413,0,413,394,413,0,413,395,413,0,413,387,411,0,411,390,413,0,413,400,409,0,409,390,409,0,409,381,411,0,411,384
,Q36,RT3,ROYAL BROMPTON AND HAREFIELD NHS FOUNDATION TRUST,315,0,315,227,315,0,315,261,315,0,315,251,315,0,315,253,315,0,315,306,315,0,315,308,315,0,315,304,315,0,315,250,315,0,315,252,315,0,315,303,315,0,315,293,315,0,315,250,315,0,315,284,315,0,315,239,315,0,315,291,315,0,315,226,315,0,315,248,315,0,315,256,315,0,315,242
,Q36,RV8,NORTH WEST LONDON HOSPITALS NHS TRUST,644,42,686,675,644,48,692,682,644,41,685,669,644,42,686,676,644,41,685,684,644,39,683,673,644,39,683,663,644,39,683,665,644,39,683,665,644,58,702,690,644,39,683,673,644,39,683,682,644,38,682,682,644,39,683,673,644,44,688,681,644,37,681,680,644,41,685,683,644,54,698,688,644,39,683,668
,Q36,RVL,BARNET AND CHASE FARM HOSPITALS NHS TRUST,603,46,649,649,603,49,652,652,603,49,652,652,603,44,647,643,603,46,649,645,603,48,651,651,603,47,650,646,603,48,651,650,603,48,651,651,603,46,649,645,603,46,649,644,603,46,649,644,603,46,649,646,603,46,649,640,603,46,649,645,603,46,649,647,603,47,650,650,603,48,651,650,603,49,652,651
,Q36,RVR,EPSOM AND ST HELIER UNIVERSITY HOSPITALS NHS TRUST,606,87,693,664,606,88,694,652,606,90,696,656,606,81,687,638,606,85,691,646,606,85,691,641,606,85,691,646,606,79,685,633,606,83,689,644,606,84,690,650,606,84,690,650,606,86,692,638,606,82,688,639,606,77,683,623,606,77,683,645,606,85,691,664,606,92,698,673,606,91,697,661,606,92,698,657
,Q36,RYJ,IMPERIAL COLLEGE HEALTHCARE NHS TRUST,"1,033",146,"1,179","1,136","1,036",124,"1,160",990,"1,010",123,"1,133","1,085","1,011",129,"1,140",965,990,127,"1,117",943,"1,011",128,"1,139",983,"1,019",146,"1,165",995,"1,019",145,"1,164",951,"1,019",143,"1,162",967,"1,013",163,"1,176",968,"1,012",125,"1,137",984,"1,009",151,"1,160",964,"1,009",146,"1,155",972,"1,009",148,"1,157",944,"1,056",142,"1,198","1,014","1,056",146,"1,202","1,032","1,056",140,"1,196","1,012","1,056",40,"1,096","1,000","1,054",45,"1,099","1,006"
,Q36,RYQ,SOUTH LONDON HEALTHCARE NHS TRUST,889,43,932,871,889,43,932,884,889,44,933,885,889,29,918,861,889,44,933,862,889,44,933,875,889,45,934,880,889,49,938,893,889,46,935,888,889,48,937,883,889,41,930,883,889,44,933,874,889,35,924,874,889,42,931,882,889,45,934,885,889,44,933,882,889,42,931,889,889,43,932,881,889,49,938,883
,Q37,RA2,ROYAL SURREY COUNTY HOSPITAL NHS FOUNDATION TRUST,461,12,473,452,461,16,477,462,461,10,471,460,461,12,473,461,461,12,473,461,461,12,473,459,461,16,477,459,461,12,473,448,461,6,467,452,461,12,473,462,461,12,473,454,461,13,474,459,461,14,475,455,461,7,468,456,461,0,461,431,461,4,465,429,461,2,463,451,461,11,472,451,461,4,465,435
,Q37,RDU,FRIMLEY PARK HOSPITAL NHS FOUNDATION TRUST,477,19,496,496,477,19,496,492,477,19,496,492,477,19,496,487,477,19,496,484,477,19,496,496,477,19,496,493,477,19,496,493,477,19,496,494,477,19,496,486,479,19,498,497,477,19,496,492,477,19,496,493,477,19,496,493,477,19,496,496,477,19,496,496,477,19,496,492,477,19,496,493,477,19,496,486
,Q37,RN7,DARTFORD AND GRAVESHAM NHS TRUST,438,43,481,475,438,18,456,454,438,24,462,450,438,24,462,458,438,16,454,433,438,18,456,448,438,12,450,443,438,18,456,433,438,17,455,434,438,15,453,433,438,21,459,445,438,21,459,450,438,23,461,453,438,18,456,446,438,34,472,462,438,37,475,467,438,40,478,471,438,29,467,462,438,32,470,462
,Q37,RPA,MEDWAY NHS FOUNDATION TRUST,545,0,545,511,545,0,545,502,545,0,545,521,545,0,545,502,545,0,545,534,550,0,550,529,550,0,550,524,550,0,550,536,550,0,550,518,550,9,559,510,550,9,559,534,541,7,548,539,541,0,541,534,541,0,541,506,541,0,541,513,541,0,541,516,541,0,541,525,541,0,541,533,541,0,541,536
,Q37,RPC,QUEEN VICTORIA HOSPITAL NHS FOUNDATION TRUST,62,0,62,45,62,0,62,46,62,0,62,46,62,0,62,46,62,0,62,40,62,0,62,53,62,0,62,53,62,0,62,44,62,0,62,56,62,0,62,47,62,0,62,39,62,0,62,48,62,0,62,50,62,0,62,50,62,0,62,38,62,0,62,42,62,0,62,44,62,0,62,50,62,0,62,50
,Q37,RTK,ASHFORD AND ST PETER'S HOSPITALS NHS FOUNDATION TRUST,364,24,388,385,364,16,380,380,364,10,374,374,364,18,382,382,364,16,380,377,364,24,388,387,364,29,393,390,364,12,376,374,364,11,375,372,364,28,392,392,364,16,380,375,364,16,380,370,364,19,383,378,364,17,381,378,364,23,387,387,364,20,384,384,364,23,387,385,364,23,387,385,364,28,392,389
,Q37,RTP,SURREY AND SUSSEX HEALTHCARE NHS TRUST,519,38,557,557,519,43,562,562,519,36,555,555,519,36,555,551,519,44,563,563,519,46,565,565,519,45,564,564,519,40,559,559,519,38,557,557,519,38,557,557,519,39,558,558,519,34,553,553,519,43,562,562,519,43,562,562,519,38,557,557,519,37,556,556,519,33,552,551,519,41,560,560,519,38,557,557
,Q37,RVV,EAST KENT HOSPITALS UNIVERSITY NHS FOUNDATION TRUST,"1,111",0,"1,111","1,005","1,111",0,"1,111",965,"1,111",0,"1,111",985,"1,111",0,"1,111",965,"1,111",0,"1,111","1,017","1,111",0,"1,111","1,011","1,111",0,"1,111",976,"1,111",0,"1,111",934,"1,111",0,"1,111",947,"1,111",0,"1,111",969,"1,111",0,"1,111","1,009","1,111",0,"1,111","1,011","1,111",0,"1,111",985,"1,111",0,"1,111",985,"1,111",0,"1,111",993,"1,111",0,"1,111","1,040","1,111",0,"1,111","1,029","1,111",0,"1,111","1,029","1,111",0,"1,111",988
,Q37,RWF,MAIDSTONE AND TUNBRIDGE WELLS NHS TRUST,669,31,700,628,671,30,701,634,670,30,700,626,669,30,699,622,669,30,699,639,668,30,698,634,669,30,699,650,668,30,698,634,670,30,700,633,669,30,699,633,671,30,701,620,670,30,700,636,668,30,698,624,668,30,698,611,669,30,699,623,669,30,699,607,669,30,699,630,668,30,698,627,669,30,699,637
,Q37,RXC,EAST SUSSEX HEALTHCARE NHS TRUST,725,72,797,776,725,67,792,768,725,67,792,776,725,67,792,776,725,68,793,777,725,58,783,769,725,56,781,774,725,56,781,769,725,62,787,767,725,62,787,765,725,62,787,748,725,62,787,758,725,58,783,721,725,57,782,728,725,55,780,766,725,52,777,765,725,56,781,765,725,56,781,765,725,58,783,759
,Q37,RXH,BRIGHTON AND SUSSEX UNIVERSITY HOSPITALS NHS TRUST,791,43,834,821,791,43,834,807,791,43,834,810,792,36,828,826,792,33,825,809,792,34,826,801,792,34,826,812,792,32,824,810,792,30,822,815,792,34,826,804,792,38,830,813,792,36,828,810,792,33,825,785,792,33,825,796,792,33,825,801,792,33,825,816,792,33,825,818,792,33,825,811,792,33,825,807
,Q37,RYR,WESTERN SUSSEX HOSPITALS NHS TRUST,810,81,891,851,810,91,901,856,805,86,891,845,777,91,868,806,760,69,829,766,775,75,850,798,774,69,843,790,761,60,821,763,751,62,813,726,743,46,789,737,761,48,809,772,782,65,847,793,803,52,855,790,809,50,859,788,784,68,852,805,808,65,873,836,810,56,866,807,796,65,861,816,817,52,869,776
,Q38,R1F,ISLE OF WIGHT NHS TRUST,225,10,235,220,225,10,235,223,226,10,236,201,225,10,235,203,225,10,235,198,225,10,235,214,225,10,235,208,225,10,235,200,225,10,235,219,225,10,235,212,225,10,235,190,225,9,234,204,225,8,233,217,225,8,233,220,225,16,241,227,225,16,241,229,225,10,235,228,225,10,235,231,225,9,234,224
,Q38,RD7,HEATHERWOOD AND WEXHAM PARK HOSPITALS NHS FOUNDATION TRUST,451,61,512,490,451,26,477,473,450,26,476,456,450,64,514,497,451,64,515,502,451,63,514,504,451,54,505,498,451,65,516,504,451,65,516,506,451,54,505,493,451,62,513,479,451,58,509,486,451,58,509,490,450,57,507,494,451,40,491,473,451,53,504,494,452,49,501,491,451,49,500,459,451,62,513,494
,Q38,RD8,MILTON KEYNES HOSPITAL NHS FOUNDATION TRUST,382,20,402,392,382,20,402,392,382,20,402,397,382,20,402,389,382,20,402,399,382,20,402,401,382,20,402,392,382,20,402,395,382,16,398,396,382,11,393,360,382,11,393,379,382,21,403,391,382,20,402,389,382,11,393,381,382,20,402,391,382,20,402,398,382,20,402,398,382,11,393,389,382,21,403,395
,Q38,RHM,UNIVERSITY HOSPITAL SOUTHAMPTON NHS FOUNDATION TRUST,"1,031",3,"1,034","1,010","1,031",3,"1,034","1,012","1,031",0,"1,031","1,021","1,031",0,"1,031","1,030","1,031",0,"1,031","1,020","1,031",0,"1,031","1,030","1,031",0,"1,031","1,017","1,031",0,"1,031","1,022","1,031",2,"1,033","1,021","1,031",2,"1,033","1,028","1,031",0,"1,031","1,022","1,031",0,"1,031","1,003","1,031",0,"1,031","1,015","1,031",0,"1,031","1,025","1,031",1,"1,032","1,016","1,031",0,"1,031","1,026","1,031",2,"1,033","1,033","1,031",2,"1,033","1,033","1,031",2,"1,033","1,022"
,Q38,RHU,PORTSMOUTH HOSPITALS NHS TRUST,957,51,"1,008",921,957,50,"1,007",923,957,44,"1,001",914,957,43,"1,000",941,957,55,"1,012",970,957,59,"1,016",980,957,53,"1,010",948,957,47,"1,004",904,957,49,"1,006",921,957,45,"1,002",906,957,47,"1,004",907,957,56,"1,013",924,957,42,999,913,957,34,991,904,957,43,"1,000",916,957,49,"1,006",936,957,53,"1,010",930,957,58,"1,015",964,957,52,"1,009",937
,Q38,RHW,ROYAL BERKSHIRE NHS FOUNDATION TRUST,637,85,722,681,637,85,722,675,637,85,722,676,637,83,720,676,637,83,720,682,637,83,720,682,637,83,720,682,637,83,720,682,637,83,720,682,637,83,720,682,637,83,720,682,637,83,720,682,637,83,720,682,637,80,717,685,637,80,717,685,637,80,717,683,637,80,717,680,637,80,717,678,637,80,717,680
,Q38,RN5,HAMPSHIRE HOSPITALS NHS FOUNDATION TRUST,827,2,829,768,827,6,833,789,827,0,827,785,827,0,827,763,827,2,829,787,827,5,832,793,827,24,851,828,827,12,839,788,827,0,827,786,827,6,833,786,827,17,844,815,827,12,839,798,827,12,839,782,827,14,841,788,827,21,848,788,827,24,851,822,827,29,856,825,827,28,855,820,827,18,845,819
,Q38,RTH,OXFORD UNIVERSITY HOSPITALS NHS TRUST,"1,196",100,"1,296","1,226","1,199",100,"1,299","1,223","1,190",108,"1,298","1,215","1,178",110,"1,288","1,205","1,273",108,"1,381","1,174","1,272",108,"1,380","1,190","1,186",109,"1,295","1,222","1,192",109,"1,301","1,232","1,179",119,"1,298","1,232","1,179",119,"1,298","1,232","1,180",111,"1,291","1,204","1,177",116,"1,293","1,226","1,182",113,"1,295","1,199","1,166",109,"1,275","1,222","1,160",109,"1,269","1,224","1,174",115,"1,289","1,239","1,171",110,"1,281","1,237","1,182",110,"1,292","1,238","1,185",112,"1,297","1,262"
,Q38,RXQ,BUCKINGHAMSHIRE HEALTHCARE NHS TRUST,429,0,429,402,428,0,428,402,428,0,428,420,430,0,430,416,436,0,436,405,438,0,438,420,438,0,438,429,450,0,450,427,456,0,456,439,418,24,442,439,418,24,442,430,418,24,442,438,418,24,442,434,418,24,442,433,418,24,442,417,418,24,442,423,418,24,442,430,418,24,442,431,418,24,442,430
,Q39,RA3,WESTON AREA HEALTH NHS TRUST,242,24,266,266,242,24,266,266,242,24,266,258,242,24,266,266,242,24,266,266,242,24,266,266,242,24,266,266,242,24,266,266,242,24,266,266,242,24,266,266,242,37,279,266,242,37,279,277,242,29,271,271,242,29,271,271,242,27,269,269,242,27,269,269,242,34,276,276,242,34,276,274,242,35,277,275
,Q39,RA4,YEOVIL DISTRICT HOSPITAL NHS FOUNDATION TRUST,310,12,322,318,310,12,322,307,310,12,322,300,310,12,322,298,310,12,322,313,310,12,322,320,310,12,322,313,310,12,322,320,310,12,322,317,310,12,322,321,310,12,322,306,310,12,322,207,310,12,322,305,310,12,322,312,310,12,322,314,310,12,322,314,310,12,322,315,310,12,322,307,310,12,322,321
,Q39,RA7,UNIVERSITY HOSPITALS BRISTOL NHS FOUNDATION TRUST,935,57,992,964,935,49,984,965,935,48,983,965,935,46,981,972,935,49,984,960,935,50,985,975,935,48,983,964,935,45,980,929,935,45,980,943,935,45,980,953,935,47,982,953,935,45,980,939,935,45,980,944,935,51,986,958,935,45,980,903,935,48,983,966,935,43,978,925,935,41,976,955,935,45,980,946
,Q39,RA9,SOUTH DEVON HEALTHCARE NHS FOUNDATION TRUST,394,41,435,357,388,38,426,349,382,35,417,340,388,33,421,327,388,37,425,365,382,44,426,395,376,48,424,407,370,48,418,394,370,51,421,379,354,54,408,372,344,49,393,362,332,47,379,335,328,40,368,294,326,38,364,300,328,40,368,312,338,37,375,313,360,40,400,355,354,42,396,364,354,37,391,340
,Q39,RBA,TAUNTON AND SOMERSET NHS FOUNDATION TRUST,509,1,510,478,509,9,518,477,509,8,517,465,509,14,523,492,509,7,516,464,509,7,516,467,509,7,516,467,509,7,516,450,509,7,516,453,509,7,516,462,509,8,517,473,509,11,520,479,509,10,519,493,509,7,516,472,509,0,509,454,509,7,516,486,509,7,516,470,509,7,516,481,509,7,516,474
,Q39,RBD,DORSET COUNTY HOSPITAL NHS FOUNDATION TRUST,307,21,328,314,307,0,307,295,307,0,307,298,307,0,307,287,307,21,328,294,307,22,329,325,307,24,331,322,307,21,328,322,307,21,328,316,307,0,307,272,307,0,307,288,307,0,307,279,307,0,307,288,307,0,307,298,307,16,323,304,307,14,321,289,307,14,321,293,307,18,325,305,307,16,323,299
,Q39,RBZ,NORTHERN DEVON HEALTHCARE NHS TRUST,234,17,251,249,228,17,245,236,228,24,252,233,228,17,245,233,228,17,245,239,228,17,245,233,228,24,252,248,228,17,245,244,228,19,247,244,228,17,245,228,228,17,245,227,228,17,245,225,228,17,245,235,228,17,245,230,228,17,245,209,228,17,245,227,228,17,245,231,228,17,245,234,228,17,245,232
,Q39,RD1,ROYAL UNITED HOSPITAL BATH NHS TRUST,591,47,638,632,591,47,638,624,590,43,633,620,590,46,636,623,582,33,615,601,587,33,620,602,587,31,618,572,587,31,618,603,590,32,622,607,591,34,625,605,591,42,633,612,591,52,643,623,591,45,636,597,592,45,637,603,591,40,631,605,593,46,639,621,591,41,632,607,591,41,632,609,591,48,639,621
,Q39,RD3,POOLE HOSPITAL NHS FOUNDATION TRUST,459,45,504,441,459,45,504,444,459,45,504,457,459,46,505,465,459,44,503,480,459,45,504,483,459,45,504,467,459,45,504,473,459,46,505,477,459,46,505,478,459,46,505,480,459,46,505,472,459,24,483,448,459,26,485,442,459,31,490,461,459,31,490,471,459,31,490,475,459,31,490,466,459,31,490,458
,Q39,RDZ,THE ROYAL BOURNEMOUTH AND CHRISTCHURCH HOSPITALS NHS FOUNDATION TRUST,620,11,631,594,620,13,633,608,620,11,631,610,620,17,637,626,620,9,629,585,620,10,630,587,620,3,623,587,620,5,625,609,620,8,628,621,620,8,628,595,620,13,633,594,620,5,625,587,620,3,623,604,620,3,623,606,620,9,629,586,620,11,631,595,620,7,627,594,620,11,631,609,620,11,631,604
,Q39,REF,ROYAL CORNWALL HOSPITALS NHS TRUST,601,0,601,547,593,0,593,532,601,0,601,548,601,0,601,545,581,0,581,520,599,0,599,546,609,0,609,556,603,0,603,556,609,0,609,570,607,0,607,568,616,0,616,570,628,0,628,557,606,0,606,553,633,0,633,579,627,0,627,581,634,0,634,574,593,0,593,532,573,0,573,524,567,14,581,496
,Q39,RH8,ROYAL DEVON AND EXETER NHS FOUNDATION TRUST,673,0,673,619,673,0,673,611,673,0,673,607,673,0,673,613,673,0,673,562,673,0,673,561,673,0,673,559,673,0,673,578,673,0,673,600,673,0,673,625,673,0,673,625,673,0,673,625,673,0,673,638,673,0,673,656,673,0,673,627,673,0,673,656,673,0,673,638,673,0,673,661,673,0,673,644
,Q39,RK9,PLYMOUTH HOSPITALS NHS TRUST,767,42,809,784,767,42,809,801,767,42,809,803,767,42,809,792,767,42,809,802,767,42,809,790,767,42,809,791,767,42,809,778,767,42,809,790,767,42,809,800,767,42,809,800,767,42,809,789,767,42,809,790,767,42,809,789,767,42,809,789,767,42,809,800,767,42,809,796,767,42,809,795,767,42,809,802
,Q39,RN3,GREAT WESTERN HOSPITALS NHS FOUNDATION TRUST,415,70,485,482,415,68,483,483,415,65,480,480,415,43,458,455,415,46,461,460,415,58,473,473,415,59,474,473,415,71,486,482,415,41,456,456,415,62,477,477,415,73,488,488,415,45,460,457,415,47,462,454,415,45,460,448,415,48,463,457,415,48,463,455,415,44,459,454,415,36,451,447,415,45,460,457
,Q39,RNZ,SALISBURY NHS FOUNDATION TRUST,500,21,521,460,500,28,528,468,500,30,530,452,500,26,526,456,523,31,554,475,500,36,536,461,500,36,536,455,500,35,535,442,500,30,530,458,500,32,532,451,500,21,521,447,500,33,533,440,500,21,521,458,500,29,529,478,500,30,530,444,500,21,521,467,500,30,530,474,500,33,533,460,500,33,533,460
,Q39,RTE,GLOUCESTERSHIRE HOSPITALS NHS FOUNDATION TRUST,903,60,963,904,911,60,971,919,905,67,972,935,902,52,954,917,890,38,928,869,904,58,962,905,894,63,957,929,909,62,971,926,910,59,969,923,907,64,971,925,902,61,963,926,904,58,962,932,902,62,964,938,898,71,969,943,893,66,959,904,895,65,960,930,895,78,973,940,909,56,965,934,886,52,938,920
,Q39,RVJ,NORTH BRISTOL NHS TRUST,955,66,"1,021",927,955,66,"1,021",942,955,66,"1,021",937,955,66,"1,021",937,955,66,"1,021",936,955,66,"1,021",936,955,66,"1,021",940,955,66,"1,021",940,955,66,"1,021",941,955,66,"1,021",948,955,66,"1,021",948,955,66,"1,021",946,955,66,"1,021",951,955,66,"1,021",944,955,66,"1,021",942,955,66,"1,021",944,955,66,"1,021",951,955,66,"1,021",943,955,66,"1,021",942
,,,,,,,,,,,,,,,,,,,,,,,,,,,,,,,,,,,,,,,,,,,,,,,,,,,,,,,,,,,,,,,,,,,,,,,,,,,,,,,
,Notes:,,,,,,,,,,,,,,,,,,,,,,,,,,,,,,,,,,,,,,,,,,,,,,,,,,,,,,,,,,,,,,,,,,,,,,,,,,,,,,
,1. Total G&A core bed stock available,,,,,,,,,,,,,,,,,,,,,,,,,,,,,,,,,,,,,,,,,,,,,,,,,,,,,,,,,,,,,,,,,,,,,,,,,,,,,,
,2. Total G&A escalation beds available,,,,,,,,,,,,,,,,,,,,,,,,,,,,,,,,,,,,,,,,,,,,,,,,,,,,,,,,,,,,,,,,,,,,,,,,,,,,,,
,3. Total G&A beds available,,,,,,,,,,,,,,,,,,,,,,,,,,,,,,,,,,,,,,,,,,,,,,,,,,,,,,,,,,,,,,,,,,,,,,,,,,,,,,
,"4. Of total G&A beds available, number occupied",,,,,,,,,,,,,,,,,,,,,,,,,,,,,,,,,,,,,,,,,,,,,,,,,,,,,,,,,,,,,,,,,,,,,,,,,,,,,,